number,state,value,duration_seconds,param_batch_size,param_dropout,param_freeze_ratio,param_head_units,param_learning_rate,param_optimizer,param_weight_decay
0,COMPLETE,0.47999998927116394,238.319495,16,0.0,0.65,128,0.0001329291894316216,adam,0.006351221010640704
1,COMPLETE,0.20749999582767487,174.622455,32,0.30000000000000004,0.65,192,3.511356313970405e-05,sgd,5.415244119402541e-06
2,COMPLETE,0.5412499904632568,195.939849,16,0.5,0.5,512,0.0005987474910461401,adam,1.5339162591163623e-06
3,COMPLETE,0.21875,167.836817,32,0.30000000000000004,0.5,320,1.2681352169084594e-05,adamw,0.004337920697490943
4,COMPLETE,0.20749999582767487,127.171257,64,0.45,1.0,192,1.8427970406864546e-05,sgd,6.0803901902966035e-06
5,COMPLETE,0.48249998688697815,191.88832,32,0.4,0.5,384,0.0020736445177905022,adamw,6.235377135673162e-06
6,PRUNED,0.26499998569488525,121.421044,64,0.05,0.5,256,8.569331925053983e-05,adamw,1.99863407785289e-05
7,PRUNED,0.20624999701976776,63.635612,32,0.45,0.8,320,1.1919481947918725e-05,sgd,2.7012557725439094e-06
8,PRUNED,0.2475000023841858,52.784162,32,0.45,1.0,128,0.006153085601625313,sgd,0.0017079750342958238
9,COMPLETE,0.35749998688697815,114.17478,32,0.05,1.0,128,0.00284475125551182,adamw,0.0027728241828010635
10,COMPLETE,0.47999998927116394,149.691561,16,0.2,0.8,512,0.0004329166039918587,adam,0.00017195055939855968
11,COMPLETE,0.5525000095367432,209.297463,16,0.5,0.5,512,0.0009103156102522441,adam,1.2124080108231511e-06
12,COMPLETE,0.637499988079071,174.002808,16,0.5,0.5,512,0.0006233843477099821,adam,1.1089509545987041e-06
13,COMPLETE,0.5049999952316284,243.440584,16,0.35000000000000003,0.5,448,0.0008985559452633208,adam,1.1887927730285292e-06
14,PRUNED,0.36250001192092896,136.179509,16,0.5,0.5,448,0.0001948939272699075,adam,3.4074092848394445e-05
15,COMPLETE,0.6000000238418579,298.877777,16,0.5,0.5,512,0.0012350782279722324,adam,2.9411071017682783e-05
16,COMPLETE,0.53125,223.134346,16,0.35000000000000003,0.5,448,0.0021641158997662505,adam,0.0002774817723758879
17,PRUNED,0.36500000953674316,120.178653,64,0.4,0.65,384,0.00033008636119030406,adam,4.881994069674286e-05
18,PRUNED,0.23250000178813934,85.714382,16,0.15000000000000002,0.8,512,0.008248654249918955,adam,0.0004932727940480203
19,COMPLETE,0.5087500214576721,218.736076,16,0.4,0.5,384,0.0014827915906969206,adam,0.00012261988200557296
