number,state,value,duration_seconds,param_batch_size,param_dropout,param_hidden_units,param_learning_rate,param_optimizer,param_weight_decay
0,COMPLETE,0.37185144424438477,23.551309,16,0.45,64,0.0001329291894316216,adamw,0.006351221010640704
1,COMPLETE,0.36386922001838684,9.00844,128,0.2,320,0.008123245085588688,adamw,0.002136832907235877
2,COMPLETE,0.3514299988746643,23.172145,32,0.0,320,7.52374288453485e-05,adam,2.9204338471814107e-05
3,COMPLETE,0.3821795880794525,32.497225,16,0.05,256,0.007025166339242158,sgd,0.007286653737491046
4,COMPLETE,0.3755127191543579,19.469772,64,0.4,512,5.9750279999602906e-05,adam,0.0004467752817973908
5,PRUNED,0.42790043354034424,2.649304,128,0.45,192,0.00582938454299474,sgd,2.259279742015697e-06
6,PRUNED,0.6080026626586914,4.378789,32,0.4,64,2.6471141828218167e-05,sgd,0.0016172900811143157
7,PRUNED,0.5417599081993103,4.811386,32,0.15000000000000002,64,1.667761543019792e-05,adamw,2.7155819552829413e-05
8,COMPLETE,0.36924445629119873,17.643582,64,0.25,448,0.0045881565491609705,adam,7.742116473996259e-05
9,PRUNED,0.5531076192855835,2.745104,128,0.2,128,2.1070472806578224e-05,adam,1.3357240411974112e-06
10,COMPLETE,0.36234745383262634,24.94001,32,0.0,384,0.0006653791756596376,adam,1.5243874542410093e-05
11,COMPLETE,0.35385188460350037,24.815466,32,0.0,384,0.00044080256884474687,adam,1.72367012159675e-05
12,COMPLETE,0.35440540313720703,23.742744,32,0.05,320,0.0003862349242691829,adam,8.639171536325334e-06
13,COMPLETE,0.3568664491176605,25.364796,32,0.0,384,0.0008611129267275718,adam,0.00011820522191423358
14,COMPLETE,0.3457414209842682,20.025126,32,0.1,256,0.0001615658400204615,adam,5.596105002958793e-06
15,PRUNED,0.3735588490962982,6.370382,32,0.1,256,0.00012191911092004425,adam,4.559208045906419e-06
16,PRUNED,0.387652724981308,5.442054,32,0.30000000000000004,192,0.00014801333944691565,adam,6.627313630485852e-05
17,PRUNED,0.39090174436569214,10.519176,16,0.1,256,0.002389593821230486,adam,0.000263215601502174
18,PRUNED,0.4115489721298218,4.490771,64,0.1,320,5.758385214628079e-05,adamw,4.4465769607841045e-06
19,PRUNED,0.5892655253410339,4.830157,32,0.15000000000000002,192,1.033285556962607e-05,sgd,3.260335484921043e-05
